<?xml version="1.0" encoding="UTF-8"?>
<con:soapui-project activeEnvironment="Default" name="Flickr" resourceRoot="" soapui-version="5.5.0" id="5a1f9347-a4c9-4a27-bfe5-ae6b0bd31030" abortOnError="false" runType="SEQUENTIAL" xmlns:con="http://eviware.com/soapui/config"><con:settings/><con:interface xsi:type="con:RestService" wadlVersion="http://wadl.dev.java.net/2009/02" name="Flickr" type="rest" basePath="" id="37c7cd63-9a7f-423e-9e04-4c924e422b6a" xmlns:xsi="http://www.w3.org/2001/XMLSchema-instance"><con:settings/><con:definitionCache type="TEXT" rootPart=""/><con:endpoints><con:endpoint>http://api.flickr.com</con:endpoint></con:endpoints><con:resource name="services" path="services" id="c9137726-cb66-4e88-aca0-4f711f92f7a0"><con:settings/><con:parameters><con:parameter required="true"><con:name>method</con:name><con:value/><con:style>QUERY</con:style><con:default/><con:option>flickr.photos.search</con:option><con:option>flickr.groups.search</con:option><con:option>flickr.people.findByUsername</con:option><con:option>flickr.places.find</con:option><con:option>flickr.cameras.getBrands</con:option><con:option>flickr.interestingness.getList</con:option></con:parameter><con:parameter required="true"><con:name>api_key</con:name><con:value>${#Project#ApiKey}</con:value><con:style>QUERY</con:style><con:default>${#Project#ApiKey}</con:default></con:parameter></con:parameters><con:resource name="rest" path="rest" id="846c79ff-4042-4b45-a80b-e305c4c02447"><con:settings/><con:parameters><con:parameter><con:name>format</con:name><con:value/><con:style>QUERY</con:style><con:default/><con:option>json</con:option><con:option>php_serial</con:option><con:option>xmlrpc</con:option><con:option>soap</con:option><con:option>rest</con:option></con:parameter><con:parameter><con:name>nojsoncallback</con:name><con:value/><con:style>QUERY</con:style><con:default/><con:option>1</con:option></con:parameter></con:parameters><con:method name="Photo Search" method="GET" id="bf8faed6-9afb-4246-a017-94f35d123f74"><con:settings/><con:parameters><con:parameter><con:name>text</con:name><con:value/><con:style>QUERY</con:style><con:default/></con:parameter></con:parameters><con:representation type="FAULT"><con:mediaType>text/html; charset=UTF-8</con:mediaType><con:status>404</con:status><con:params/><con:element>html</con:element></con:representation><con:representation type="RESPONSE"><con:mediaType>text/xml; charset=utf-8</con:mediaType><con:status>200</con:status><con:params/><con:element>rsp</con:element></con:representation><con:representation type="RESPONSE"><con:mediaType>text/javascript; charset=utf-8</con:mediaType><con:status>200</con:status><con:params/></con:representation><con:representation type="RESPONSE"><con:mediaType>application/soap+xml; charset=utf-8</con:mediaType><con:status>200</con:status><con:params/><con:element xmlns:soap="http://www.w3.org/2003/05/soap-envelope">soap:Envelope</con:element></con:representation><con:request name="Request 1" mediaType="application/xml" id="de15c121-ee1e-4c4b-a193-c2b3bbce055f"><con:settings><con:setting id="com.eviware.soapui.impl.wsdl.WsdlRequest@request-headers">&lt;xml-fragment/></con:setting></con:settings><con:endpoint>http://api.flickr.com</con:endpoint><con:request/><con:credentials><con:authType>Global HTTP Settings</con:authType></con:credentials><con:jmsConfig JMSDeliveryMode="PERSISTENT"/><con:jmsPropertyConfig/><con:parameters>
  <con:entry key="text" value="soapui"/>
  <con:entry key="method" value="flickr.photos.search"/>
  <con:entry key="format" value="rest"/>
</con:parameters></con:request></con:method><con:method name="Group Search" method="GET" id="051bc582-e10c-48fe-ad4d-be09b1acb85c"><con:settings/><con:parameters><con:parameter><con:name>text</con:name><con:value/><con:style>QUERY</con:style><con:type xmlns:xs="http://www.w3.org/2001/XMLSchema">xs:string</con:type><con:default/><con:path xsi:nil="true"/><con:description xsi:nil="true"/></con:parameter></con:parameters><con:representation type="RESPONSE"><con:mediaType>text/xml; charset=utf-8</con:mediaType><con:status>200</con:status><con:params/><con:element>rsp</con:element></con:representation><con:request name="Request 1" mediaType="application/xml" id="249191ad-4b25-494a-bacb-84f1a9a90bfb"><con:settings><con:setting id="com.eviware.soapui.impl.wsdl.WsdlRequest@request-headers">&lt;xml-fragment/></con:setting></con:settings><con:endpoint>http://api.flickr.com</con:endpoint><con:request/><con:credentials><con:authType>Global HTTP Settings</con:authType></con:credentials><con:jmsConfig JMSDeliveryMode="PERSISTENT"/><con:jmsPropertyConfig/><con:parameters>
  <con:entry key="text" value="leica"/>
  <con:entry key="method" value="flickr.groups.search"/>
</con:parameters></con:request></con:method><con:method name="Find User" method="GET" id="c0d1e469-bf88-4bc9-9a23-9342deb5bfe0"><con:settings/><con:parameters><con:parameter><con:name>username</con:name><con:value/><con:style>QUERY</con:style><con:type xmlns:xs="http://www.w3.org/2001/XMLSchema">xs:string</con:type><con:default/><con:path xsi:nil="true"/><con:description xsi:nil="true"/></con:parameter></con:parameters><con:representation type="RESPONSE"><con:mediaType>text/xml; charset=utf-8</con:mediaType><con:status>200</con:status><con:params/><con:element>rsp</con:element></con:representation><con:request name="Request 1" mediaType="application/xml" id="a1543cca-f6f2-4e84-9bdd-183979e87a13"><con:settings><con:setting id="com.eviware.soapui.impl.wsdl.WsdlRequest@request-headers">&lt;xml-fragment/></con:setting></con:settings><con:endpoint>http://api.flickr.com</con:endpoint><con:request/><con:credentials><con:authType>Global HTTP Settings</con:authType></con:credentials><con:jmsConfig JMSDeliveryMode="PERSISTENT"/><con:jmsPropertyConfig/><con:parameters>
  <con:entry key="username" value="olensmar"/>
  <con:entry key="method" value="flickr.people.findByUsername"/>
</con:parameters></con:request></con:method><con:method name="Find Places" method="GET" id="925350f4-9571-4abd-9b7d-3b92c923fbeb"><con:settings/><con:parameters><con:parameter><con:name>query</con:name><con:value/><con:style>QUERY</con:style><con:type xmlns:xs="http://www.w3.org/2001/XMLSchema">xs:string</con:type><con:default/><con:path xsi:nil="true"/><con:description xsi:nil="true"/></con:parameter></con:parameters><con:representation type="RESPONSE"><con:mediaType>text/xml; charset=utf-8</con:mediaType><con:status>200</con:status><con:params/><con:element>rsp</con:element></con:representation><con:representation type="RESPONSE"><con:mediaType>application/json</con:mediaType><con:status>200</con:status><con:params/><con:element xmlns:rest="http://api.flickr.com/services/rest">rest:Response</con:element></con:representation><con:request name="Request 1" mediaType="application/xml" id="34f25f46-889e-40a4-b632-6a26567c0566"><con:settings><con:setting id="com.eviware.soapui.impl.wsdl.WsdlRequest@request-headers">&lt;xml-fragment/></con:setting></con:settings><con:endpoint>http://api.flickr.com</con:endpoint><con:request/><con:credentials><con:authType>Global HTTP Settings</con:authType></con:credentials><con:jmsConfig JMSDeliveryMode="PERSISTENT"/><con:jmsPropertyConfig/><con:parameters>
  <con:entry key="query" value="stockholm"/>
  <con:entry key="method" value="flickr.places.find"/>
</con:parameters></con:request></con:method><con:method name="Get Cameras" method="GET" id="cce0aeaa-328d-4efd-9622-f6176e21cbef"><con:settings/><con:parameters/><con:representation type="RESPONSE"><con:mediaType>text/xml; charset=utf-8</con:mediaType><con:status>200</con:status><con:params/><con:element>rsp</con:element></con:representation><con:representation type="RESPONSE"><con:mediaType>text/javascript; charset=utf-8</con:mediaType><con:status>200</con:status><con:params/></con:representation><con:representation type="RESPONSE"><con:mediaType>text/plain; charset=utf-8</con:mediaType><con:status>200</con:status><con:params/><con:element>data</con:element></con:representation><con:representation type="RESPONSE"><con:mediaType>application/soap+xml; charset=utf-8</con:mediaType><con:status>200</con:status><con:params/><con:element xmlns:soap="http://www.w3.org/2003/05/soap-envelope">soap:Envelope</con:element></con:representation><con:representation type="RESPONSE"><con:mediaType>application/json</con:mediaType><con:status>200</con:status><con:params/><con:element xmlns:rest="http://api.flickr.com/services/rest">rest:Response</con:element></con:representation><con:request name="Request 1" mediaType="application/xml" id="77277d72-f923-466f-90b8-cc47fa2d7574"><con:settings><con:setting id="com.eviware.soapui.impl.wsdl.WsdlRequest@request-headers">&lt;xml-fragment/></con:setting></con:settings><con:endpoint>http://api.flickr.com</con:endpoint><con:request/><con:credentials><con:authType>Global HTTP Settings</con:authType></con:credentials><con:jmsConfig JMSDeliveryMode="PERSISTENT"/><con:jmsPropertyConfig/><con:parameters>
  <con:entry key="nojsoncallback" value="1"/>
  <con:entry key="method" value="flickr.cameras.getBrands"/>
  <con:entry key="format" value="php_serial"/>
</con:parameters></con:request></con:method><con:method name="Interestingness" method="GET" id="9fe49c11-2d30-4e8a-b29f-b35762c38d21"><con:settings/><con:parameters/><con:representation type="RESPONSE"><con:mediaType>text/xml; charset=utf-8</con:mediaType><con:status>200</con:status><con:params/><con:element>rsp</con:element></con:representation><con:representation type="RESPONSE"><con:mediaType>application/json</con:mediaType><con:status>200</con:status><con:params/><con:element xmlns:rest="http://api.flickr.com/services/rest">rest:Response</con:element></con:representation><con:representation type="RESPONSE"><con:mediaType xsi:nil="true"/><con:status>0</con:status><con:params/><con:element>data</con:element></con:representation><con:representation type="RESPONSE"><con:mediaType xsi:nil="true"/><con:status>0</con:status><con:params/><con:element>data</con:element></con:representation><con:representation type="RESPONSE"><con:mediaType xsi:nil="true"/><con:status>0</con:status><con:params/><con:element>data</con:element></con:representation><con:representation type="RESPONSE"><con:mediaType xsi:nil="true"/><con:status>0</con:status><con:params/><con:element>data</con:element></con:representation><con:request name="Request 1" mediaType="application/xml" id="29814ee6-57ef-40fd-8e16-fdb414c02d3e"><con:settings><con:setting id="com.eviware.soapui.impl.wsdl.WsdlRequest@request-headers">&lt;xml-fragment/></con:setting></con:settings><con:endpoint>https://api.flickr.com</con:endpoint><con:request/><con:originalUri>http://api.flickr.com/services/rest</con:originalUri><con:credentials><con:selectedAuthProfile>Basic</con:selectedAuthProfile><con:addedBasicAuthenticationTypes>Basic</con:addedBasicAuthenticationTypes><con:authType>Global HTTP Settings</con:authType></con:credentials><con:jmsConfig JMSDeliveryMode="PERSISTENT"/><con:jmsPropertyConfig/><con:parameters>
  <con:entry key="method" value="flickr.interestingness.getList"/>
  <con:entry key="format" value="json"/>
  <con:entry key="nojsoncallback" value="1"/>
</con:parameters></con:request></con:method></con:resource></con:resource></con:interface><con:testSuite name="TestSuite" id="a46e2e07-b08e-4cf8-9d76-35a5daf45e68"><con:settings/><con:runType>SEQUENTIAL</con:runType><con:testCase failOnError="true" failTestCaseOnErrors="true" keepSession="false" maxResults="0" name="TestCase" searchProperties="true" id="731ad4bf-e60d-450a-ac48-9ddacccfe4b7"><con:description>Basic tests for Flickr API - including both authenticated and anonymous resources:
- First request makes sure the interestingness list always contains 100 entries (which it won't when a new day starts)
- Send request makes sure the specified user can be found
- Third request checks that "Nikon" is in the list of cameras
- Fourth request checks that there are photos available for "Stockholm"

see http://www.flickr.com/services/api/</con:description><con:settings><con:setting id="IncludeOverview">true</con:setting><con:setting id="IncludeResults">true</con:setting><con:setting id="FlowLayout">false</con:setting><con:setting id="ErrorDetails">true</con:setting><con:setting id="IncludeCoverage">true</con:setting></con:settings><con:testStep type="restrequest" name="Interestingness Request - JSON" id="64e62983-1655-4105-b8b7-c5a248ade665"><con:settings/><con:config service="Flickr" resourcePath="/services/rest" methodName="Interestingness" xsi:type="con:RestRequestStep" xmlns:xsi="http://www.w3.org/2001/XMLSchema-instance"><con:restRequest name="Interestingness Request - JSON" mediaType="application/xml" id="7f69fba2-ca9d-414b-ab5b-20d2c31b706b"><con:settings><con:setting id="com.eviware.soapui.impl.wsdl.WsdlRequest@request-headers">&lt;xml-fragment/></con:setting></con:settings><con:endpoint>https://api.flickr.com</con:endpoint><con:request/><con:originalUri>http://api.flickr.com/services/rest</con:originalUri><con:assertion type="JsonPath Match" id="317aec34-78be-446d-b69c-57d6975680d9" name="JsonPath Match"><con:configuration><path>photos.perpage</path><content>100</content><allowWildcards>false</allowWildcards><ignoreNamspaceDifferences>false</ignoreNamspaceDifferences><ignoreComments>false</ignoreComments></con:configuration></con:assertion><con:assertion type="JsonPath Match" id="8ef8c753-f714-45ec-9f73-b7275361b5c2" name="JsonPath Match 1"><con:configuration><path>photos.photo[4].title</path><content>Amphitrite Point Lighthouse - Tofino, BC</content><allowWildcards>false</allowWildcards><ignoreNamspaceDifferences>false</ignoreNamspaceDifferences><ignoreComments>false</ignoreComments></con:configuration></con:assertion><con:credentials><con:selectedAuthProfile>Basic</con:selectedAuthProfile><con:addedBasicAuthenticationTypes>Basic</con:addedBasicAuthenticationTypes><con:authType>Global HTTP Settings</con:authType></con:credentials><con:jmsConfig JMSDeliveryMode="PERSISTENT"/><con:jmsPropertyConfig/><con:parameters>
  <con:entry key="nojsoncallback" value="1"/>
  <con:entry key="method" value="flickr.interestingness.getList"/>
  <con:entry key="format" value="json"/>
</con:parameters></con:restRequest></con:config></con:testStep><con:testStep type="restrequest" name="Find User Request - REST" id="ccb8843e-77ea-4388-b5d8-c4001ca2c64b"><con:settings/><con:config service="Flickr" resourcePath="/services/rest" methodName="Find User" xsi:type="con:RestRequestStep" xmlns:xsi="http://www.w3.org/2001/XMLSchema-instance"><con:restRequest name="Find User Request - REST" mediaType="application/xml" id="1507e53a-0c6f-4241-afe4-e745be181e33"><con:settings><con:setting id="com.eviware.soapui.impl.wsdl.WsdlRequest@request-headers">&lt;xml-fragment/></con:setting></con:settings><con:endpoint>http://api.flickr.com</con:endpoint><con:request/><con:assertion type="XPath Match" name="Match content of [rsp]" id="180dd54a-7213-48b0-93ae-9b16daaa4171"><con:configuration><path>//rsp[1]</path><content><![CDATA[<rsp stat="ok">
  <user id="42340368@N08" nsid="42340368@N08">
    <username>olensmar</username>
  </user>
</rsp>]]></content><allowWildcards>false</allowWildcards><ignoreNamspaceDifferences>false</ignoreNamspaceDifferences><ignoreComments>false</ignoreComments></con:configuration></con:assertion><con:credentials><con:authType>Global HTTP Settings</con:authType></con:credentials><con:jmsConfig JMSDeliveryMode="PERSISTENT"/><con:jmsPropertyConfig/><con:parameters>
  <con:entry key="username" value="olensmar"/>
  <con:entry key="method" value="flickr.people.findByUsername"/>
  <con:entry key="format" value="rest"/>
</con:parameters></con:restRequest></con:config></con:testStep><con:testStep type="restrequest" name="Get Cameras - SOAP" id="5b537c33-5caf-4ce1-979a-4c05462df1d4"><con:settings/><con:config service="Flickr" resourcePath="/services/rest" methodName="Get Cameras" xsi:type="con:RestRequestStep" xmlns:xsi="http://www.w3.org/2001/XMLSchema-instance"><con:restRequest name="Get Cameras - SOAP" mediaType="application/xml" id="a6b22cfa-17db-4648-b495-be67c137c5e9"><con:settings><con:setting id="com.eviware.soapui.impl.wsdl.WsdlRequest@request-headers">&lt;xml-fragment/></con:setting></con:settings><con:endpoint>http://api.flickr.com</con:endpoint><con:request/><con:assertion type="Simple Contains" name="Contains" id="e3c78e50-6aa0-4813-bf3e-18e58a77c659"><con:configuration><token>&lt;brand id="nikon" name="Nikon" /></token><ignoreCase>false</ignoreCase><useRegEx>false</useRegEx></con:configuration></con:assertion><con:credentials><con:authType>Global HTTP Settings</con:authType></con:credentials><con:jmsConfig JMSDeliveryMode="PERSISTENT"/><con:jmsPropertyConfig/><con:parameters>
  <con:entry key="nojsoncallback" value="1"/>
  <con:entry key="method" value="flickr.cameras.getBrands"/>
  <con:entry key="format" value="soap"/>
</con:parameters></con:restRequest></con:config></con:testStep><con:testStep type="restrequest" name="Find Places - JSON" id="8ffc502d-c159-4ace-a6d3-c9914347477f"><con:settings/><con:config service="Flickr" resourcePath="/services/rest" methodName="Find Places" xsi:type="con:RestRequestStep" xmlns:xsi="http://www.w3.org/2001/XMLSchema-instance"><con:restRequest name="Find Places - JSON" mediaType="application/xml" accept="" id="18a86fe5-bd62-4ed0-957b-ecc2a8b10794"><con:settings><con:setting id="com.eviware.soapui.impl.wsdl.WsdlRequest@request-headers">&lt;xml-fragment/></con:setting></con:settings><con:endpoint>http://api.flickr.com</con:endpoint><con:request/><con:assertion type="XPath Match" name="Check for existance of [e]" id="b1b419e4-73dd-43e9-9f5e-4849d7016018"><con:configuration><path>declare namespace ns1='http://api.flickr.com/services/rest';
exists( //ns1:Response/ns1:places/ns1:place/ns1:e)</path><content>true</content><allowWildcards>false</allowWildcards><ignoreNamspaceDifferences>false</ignoreNamspaceDifferences><ignoreComments>false</ignoreComments></con:configuration></con:assertion><con:credentials><con:authType>Global HTTP Settings</con:authType></con:credentials><con:jmsConfig JMSDeliveryMode="PERSISTENT"/><con:jmsPropertyConfig/><con:parameters>
  <con:entry key="query" value="stockholm"/>
  <con:entry key="nojsoncallback" value="1"/>
  <con:entry key="method" value="flickr.places.find"/>
  <con:entry key="format" value="json"/>
</con:parameters></con:restRequest></con:config></con:testStep><con:properties><con:property><con:name>temp</con:name><con:value/></con:property></con:properties><con:reportParameters/></con:testCase><con:properties/><con:reportParameters/></con:testSuite><con:requirements/><con:properties><con:property><con:name>ApiKey</con:name><con:value>62f1eebc0706f467607b61ca148e0ed2</con:value></con:property></con:properties><con:wssContainer/><con:databaseConnectionContainer/><con:oAuth2ProfileContainer/><con:oAuth1ProfileContainer/><con:reporting><con:reportTemplates/><con:xmlTemplates/><con:parameters/></con:reporting><con:sensitiveInformation/></con:soapui-project>